[
  {
    "kanji": "議",
    "onyomi": "ギ",
    "kunyomi": "",
    "indonesia": "konferensi, musyawarah, konsultasi, debat, pertimbangan,"
  },
  {
    "kanji": "連",
    "onyomi": "レン",
    "kunyomi": "つら.なる、 つら.ねる、 つ.れる、 -づ.れ",
    "indonesia": "membawa serta, memimpin, bergabung, menghubungkan, partai, geng, kelompok"
  },
  {
    "kanji": "対",
    "onyomi": "タイ、 ツイ",
    "kunyomi": "あいて、 こた.える、 そろ.い、 つれあ.い、 なら.ぶ、 むか.う",
    "indonesia": "versus, vs, berlawanan, anti-"
  },
  {
    "kanji": "部",
    "onyomi": "ブ",
    "kunyomi": "-べ",
    "indonesia": "bagian, departemen, biro, divisi"
  },
  {
    "kanji": "内",
    "onyomi": "ナイ、 ダイ",
    "kunyomi": "うち",
    "indonesia": "di dalam, di antara"
  },
  {
    "kanji": "相",
    "onyomi": "ソウ、 ショウ",
    "kunyomi": "あい-",
    "indonesia": "inter-, saling, satu sama lain, bersama"
  },
  {
    "kanji": "定",
    "onyomi": "テイ、 ジョウ",
    "kunyomi": "さだ.める、 さだ.まる、 さだ.か",
    "indonesia": "menentukan, menetapkan, memutuskan"
  },
  {
    "kanji": "選",
    "onyomi": "セン",
    "kunyomi": "えら.ぶ、 え.る、 よ.る",
    "indonesia": "memilih, pilihan"
  },
  {
    "kanji": "米",
    "onyomi": "ベイ、 マイ、 メエトル",
    "kunyomi": "こめ、 よね",
    "indonesia": "beras, amerika serikat"
  },
  {
    "kanji": "実",
    "onyomi": "ジツ、 シツ",
    "kunyomi": "み、 みの.る、 まこと、 みの、 みち.る",
    "indonesia": "realitas, kebenaran"
  },
  {
    "kanji": "関",
    "onyomi": "カン",
    "kunyomi": "せき、 -ぜき、 かか.わる、 からくり、 かんぬき",
    "indonesia": "koneksi, melibatkan, mengenai, gerbang"
  },
  {
    "kanji": "決",
    "onyomi": "ケツ",
    "kunyomi": "き.める、 -ぎ.め、 き.まる、 さ.く",
    "indonesia": "memutuskan, memperbaiki, menyetujui, menunjuk"
  },
  {
    "kanji": "全",
    "onyomi": "ゼン",
    "kunyomi": "まった.く、 すべ.て",
    "indonesia": "semua, seluruh, sepenuhnya"
  },
  {
    "kanji": "表",
    "onyomi": "ヒョウ",
    "kunyomi": "おもて、 -おもて、 あらわ.す、 あらわ.れる、 あら.わす",
    "indonesia": "permukaan, tabel, bagan, diagram"
  },
  {
    "kanji": "戦",
    "onyomi": "セン",
    "kunyomi": "いくさ、 たたか.う、 おのの.く、 そよ.ぐ、 わなな.く",
    "indonesia": "perang, pertempuran, pertandingan"
  },
  {
    "kanji": "最",
    "onyomi": "サイ、 シュ",
    "kunyomi": "もっと.も、 つま",
    "indonesia": "paling, sangat, amat"
  },
  {
    "kanji": "調",
    "onyomi": "チョウ",
    "kunyomi": "しら.べる、 しら.べ、 ととの.う、 ととの.える",
    "indonesia": "nada, irama, kunci (musik), memeriksa, menyelidiki"
  },
  {
    "kanji": "化",
    "onyomi": "カ、 ケ",
    "kunyomi": "ば.ける、 ば.かす、 ふ.ける、 け.する",
    "indonesia": "perubahan, mengambil bentuk, berubah"
  },
  {
    "kanji": "当",
    "onyomi": "トウ",
    "kunyomi": "あ.たる、 あ.たり、 あ.てる、 あ.て、 まさ.に、 まさ.にべし",
    "indonesia": "memukul, tepat, sesuai"
  },
  {
    "kanji": "約",
    "onyomi": "ヤク",
    "kunyomi": "",
    "indonesia": "janji, perkiraan, menyusut"
  },
  {
    "kanji": "法",
    "onyomi": "ホウハッホッフランノ",
    "kunyomi": "",
    "indonesia": "metode, hukum, aturan, prinsip"
  },
  {
    "kanji": "的",
    "onyomi": "テキ",
    "kunyomi": "まと",
    "indonesia": "target"
  },
  {
    "kanji": "要",
    "onyomi": "ヨウイ.",
    "kunyomi": "",
    "indonesia": "penting, titik utama, esensi"
  },
  {
    "kanji": "治",
    "onyomi": "ジチナオ.",
    "kunyomi": "おさ.めるおさ.まるなお.る",
    "indonesia": "pemerintahan, meredakan, memadamkan"
  },
  {
    "kanji": "成",
    "onyomi": "セイジョウ-ナ.",
    "kunyomi": "な.るな.す",
    "indonesia": "menjadi, tumbuh, mencapai"
  },
  {
    "kanji": "期",
    "onyomi": "キゴ",
    "kunyomi": "",
    "indonesia": "periode, waktu, tanggal, jangka"
  },
  {
    "kanji": "公",
    "onyomi": "コウ、ク",
    "kunyomi": "おおやけ",
    "indonesia": "publik, resmi, pejabat, pemerintah"
  },
  {
    "kanji": "協",
    "onyomi": "キョウ",
    "kunyomi": "",
    "indonesia": "kooperasi, kerjasama, co-"
  },
  {
    "kanji": "取",
    "onyomi": "シュ-ド.",
    "kunyomi": "とるとりとり-...とり",
    "indonesia": "mengambil, memungut"
  },
  {
    "kanji": "和",
    "onyomi": "ワオカナゴ.ヤ",
    "kunyomi": "やわ.らぐやわ.らげるなご.む",
    "indonesia": "harmoni, damai, lembut, ala Jepang"
  },
  {
    "kanji": "機",
    "onyomi": "キ",
    "kunyomi": "はた",
    "indonesia": "mesin, mekanisme, pesawat, kesempatan"
  },
  {
    "kanji": "平",
    "onyomi": "ヘイビョウヒョウ",
    "kunyomi": "たいら-.だいらひらひら",
    "indonesia": "seimbang, datar, damai"
  },
  {
    "kanji": "加",
    "onyomi": "カ",
    "kunyomi": "くわ.えるくわ.わる",
    "indonesia": "menambahkan, meningkatkan, bergabung"
  },
  {
    "kanji": "受",
    "onyomi": "ジュウ.カ",
    "kunyomi": "うける-.うけ.",
    "indonesia": "menerima, menjalani, mengambil"
  },
  {
    "kanji": "続",
    "onyomi": "ゾクショクコウキョウツグ.ナ",
    "kunyomi": "つづ.くつづ.ける",
    "indonesia": "terus, selanjutnya, sekuel, seri"
  },
  {
    "kanji": "改",
    "onyomi": "カイ",
    "kunyomi": "あらた.める、 あらた.まる",
    "indonesia": "reformasi, perubahan, pembaharuan, koreksi"
  },
  {
    "kanji": "数",
    "onyomi": "スウスサクソクシュワズラワ.シ",
    "kunyomi": "かずかぞ.えるしばしばせ.める",
    "indonesia": "angka, sejumlah"
  },
  {
    "kanji": "記",
    "onyomi": "キシル.",
    "kunyomi": "",
    "indonesia": "tulisan, catatan, akun, narasi"
  },
  {
    "kanji": "初",
    "onyomi": "ショ-ゾ.",
    "kunyomi": "はじめはじめてはつはつ-..うい- -.そめる",
    "indonesia": "pertama kalinya, permulaan"
  },
  {
    "kanji": "指",
    "onyomi": "シ-サ.",
    "kunyomi": "ゆびさ.す",
    "indonesia": "jari, menunjukkan, mengindikasikan"
  },
  {
    "kanji": "第",
    "onyomi": "ダイ、 テイ",
    "kunyomi": "",
    "indonesia": "nomor, ke-, urutan"
  },
  {
    "kanji": "結",
    "onyomi": "ケツ、 ケチ",
    "kunyomi": "むす.ぶ、 ゆ.う、 ゆ.わえる",
    "indonesia": "mengikat, mengencangkan, kontrak, menggabungkan"
  },
  {
    "kanji": "点",
    "onyomi": "テン",
    "kunyomi": "つ.けるつ.くた.てるさ.すとぼ.すとも.すぼち",
    "indonesia": "titik, bintik, penanda desimal"
  },
  {
    "kanji": "府",
    "onyomi": "フ",
    "kunyomi": "",
    "indonesia": "kotamadya, prefektur kota, kantor pemerintah, badan perwakilan"
  },
  {
    "kanji": "活",
    "onyomi": "カツ",
    "kunyomi": "い.きるい.かすい.ける",
    "indonesia": "hidup, kehidupan, keaktifan"
  },
  {
    "kanji": "原",
    "onyomi": "ゲンハ",
    "kunyomi": "",
    "indonesia": "padang rumput, lapangan, asli, primitif"
  },
  {
    "kanji": "共",
    "onyomi": "キョウ",
    "kunyomi": "ともともに-.ども",
    "indonesia": "Bersama-sama"
  },
  {
    "kanji": "得",
    "onyomi": "トクウ.",
    "kunyomi": "え.る",
    "indonesia": "mendapatkan, memperoleh, menemukan"
  },
  {
    "kanji": "交",
    "onyomi": "コウコモゴ",
    "kunyomi": "まじわるまじえるまじるまじるまざるまぜる-.........かうかわすかわす",
    "indonesia": "campur, berbaur, asosiasi"
  },
  {
    "kanji": "予",
    "onyomi": "ヨシャ",
    "kunyomi": "あらかじ.め",
    "indonesia": "sebelumnya, terlebih dahulu"
  },
  {
    "kanji": "向",
    "onyomi": "コウムカ.",
    "kunyomi": "むくむい-..むきむける-......むけむかうむかいむこうむこう-.むこ",
    "indonesia": "di hadapan, di muka, di sana (seberang)"
  },
  {
    "kanji": "勝",
    "onyomi": "ショウカ",
    "kunyomi": "かつ-.がちまさるすぐれる...",
    "indonesia": "menang, unggul"
  },
  {
    "kanji": "面",
    "onyomi": "メンベンツ",
    "kunyomi": "おもおもて",
    "indonesia": "topeng, wajah, permukaan"
  },
  {
    "kanji": "委",
    "onyomi": "イ",
    "kunyomi": "ゆだ.ねる",
    "indonesia": "komite, menunjuk/mengangkat"
  },
  {
    "kanji": "告",
    "onyomi": "コクツ.ゲ",
    "kunyomi": "",
    "indonesia": "memberitahu, mengumumkan, menginformasikan, wahyu"
  },
  {
    "kanji": "軍",
    "onyomi": "グン",
    "kunyomi": "いくさ",
    "indonesia": "tentara, angkatan, pasukan"
  },
  {
    "kanji": "反",
    "onyomi": "ハンホンタンホ-カエ.",
    "kunyomi": "そ.るそ.らすかえ.すかえ.る",
    "indonesia": "anti-"
  },
  {
    "kanji": "参",
    "onyomi": "サンシンミ",
    "kunyomi": "まいるまい-.まじわる",
    "indonesia": "kunjungan, datang, kedatangan, tiga/tri-"
  },
  {
    "kanji": "利",
    "onyomi": "リキ.",
    "kunyomi": "",
    "indonesia": "keuntungan, manfaat"
  },
  {
    "kanji": "組",
    "onyomi": "ソ",
    "kunyomi": "くむくみ-.ぐみ",
    "indonesia": "asosiasi, kooperasi, berkumpul, berhimpun"
  },
  {
    "kanji": "案",
    "onyomi": "アン",
    "kunyomi": "つくえ",
    "indonesia": "saran, ide, rancangan, draft, proposisi, meja"
  },
  {
    "kanji": "信",
    "onyomi": "シ",
    "kunyomi": "",
    "indonesia": "kepercayaan, kebenaran, kesetiaan"
  },
  {
    "kanji": "側",
    "onyomi": "ソク",
    "kunyomi": "かわがわそば",
    "indonesia": "sisi, samping, sebelah, condong"
  },
  {
    "kanji": "求",
    "onyomi": "キュウグ",
    "kunyomi": "もと.める",
    "indonesia": "permintaan, permohonan, tuntutan"
  },
  {
    "kanji": "次",
    "onyomi": "ジシツ",
    "kunyomi": "つ.ぐ",
    "indonesia": "berikutnya, selanjutnya"
  },
  {
    "kanji": "昨",
    "onyomi": "サク",
    "kunyomi": "",
    "indonesia": "kemarin, sebelumnya"
  },
  {
    "kanji": "官",
    "onyomi": "カン",
    "kunyomi": "",
    "indonesia": "birokrat, pemerintah"
  },
  {
    "kanji": "係",
    "onyomi": "ケイ",
    "kunyomi": "かかるかかり-..がかりかかわる",
    "indonesia": "orang yang bertanggung jawab, koneksi, tugas"
  },
  {
    "kanji": "感",
    "onyomi": "カン",
    "kunyomi": "",
    "indonesia": "emosi, perasaan, sensasi"
  },
  {
    "kanji": "投",
    "onyomi": "トウ",
    "kunyomi": "なげる-.なげ.",
    "indonesia": "melempar, membuang, melontarkan"
  },
  {
    "kanji": "変",
    "onyomi": "ヘン",
    "kunyomi": "か.わるか.わりか.える",
    "indonesia": "tidak biasa, perubahan, aneh"
  },
  {
    "kanji": "打",
    "onyomi": "ダダアスブ.",
    "kunyomi": "うつうち.. -",
    "indonesia": "memukul, membentur"
  },
  {
    "kanji": "各",
    "onyomi": "カク",
    "kunyomi": "おのおの",
    "indonesia": "setiap, masing-masing"
  },
  {
    "kanji": "島",
    "onyomi": "トウ",
    "kunyomi": "しま",
    "indonesia": "pulau"
  },
  {
    "kanji": "直",
    "onyomi": "チョクジキジカス.",
    "kunyomi": "ただちになおす-.....なおすなおるなおき",
    "indonesia": "langsung, segera, keterusterangan"
  },
  {
    "kanji": "両",
    "onyomi": "リョウフタ",
    "kunyomi": "てる",
    "indonesia": "kedua, keduanya, counter untuk kereta"
  },
  {
    "kanji": "式",
    "onyomi": "シ",
    "kunyomi": "",
    "indonesia": "gaya, upacara, metode, bentuk, ekspresi"
  },
  {
    "kanji": "果",
    "onyomi": "カハ.",
    "kunyomi": "はたすはたす-..はたすはてる-...はてる",
    "indonesia": "buah"
  },
  {
    "kanji": "必",
    "onyomi": "ヒツ",
    "kunyomi": "かなら.ず",
    "indonesia": "selalu, pasti, tidak terelakkan"
  },
  {
    "kanji": "争",
    "onyomi": "ソウ",
    "kunyomi": "あらそ.ういか.でか",
    "indonesia": "sengketa, perselisihan"
  },
  {
    "kanji": "談",
    "onyomi": "ダン",
    "kunyomi": "",
    "indonesia": "diskusi, membahas, berbicara"
  },
  {
    "kanji": "無",
    "onyomi": "ム、ブ",
    "kunyomi": "な.い",
    "indonesia": "tidak ada"
  },
  {
    "kanji": "位",
    "onyomi": "イグラ",
    "kunyomi": "くらい",
    "indonesia": "ranking, peringkat, urutan"
  },
  {
    "kanji": "置",
    "onyomi": "チ-オ.",
    "kunyomi": "お.く",
    "indonesia": "tempat, penempatan, menempatkan, meletakkan"
  },
  {
    "kanji": "流",
    "onyomi": "リュウル-ナガ.",
    "kunyomi": "なが.れるなが.れなが.す",
    "indonesia": "arus, aliran, wastafel"
  },
  {
    "kanji": "局",
    "onyomi": "キョク",
    "kunyomi": "つぼね",
    "indonesia": "biro, kantor, papan, dewan, urusan"
  },
  {
    "kanji": "放",
    "onyomi": "ホウホウ.",
    "kunyomi": "はなす-.....っぱなしはなつはなれるこく",
    "indonesia": "membebaskan, melepaskan, menembakkan, memancarkan"
  },
  {
    "kanji": "球",
    "onyomi": "キュウタ",
    "kunyomi": "",
    "indonesia": "bulat, bola"
  },
  {
    "kanji": "役",
    "onyomi": "ヤクエ",
    "kunyomi": "",
    "indonesia": "tugas, peran, layanan"
  },
  {
    "kanji": "身",
    "onyomi": "シン",
    "kunyomi": "み",
    "indonesia": "tubuh"
  },
  {
    "kanji": "費",
    "onyomi": "ヒ",
    "kunyomi": "つい.やすつい.える",
    "indonesia": "biaya, beban, pengeluaran, cost"
  },
  {
    "kanji": "付",
    "onyomi": "フ-ヅ",
    "kunyomi": "つける-..つける-.づけるつけつけ-.. -.つけ-づけ-.づけつく-..づくつき-.つき-.つ",
    "indonesia": "melampirkan, merujuk"
  },
  {
    "kanji": "由",
    "onyomi": "ユユウユイ",
    "kunyomi": "よしよ.る",
    "indonesia": "alasan, karenanya"
  },
  {
    "kanji": "夫",
    "onyomi": "フフウブソ.",
    "kunyomi": "おっと",
    "indonesia": "suami"
  },
  {
    "kanji": "石",
    "onyomi": "セキシャクコクイ",
    "kunyomi": "",
    "indonesia": "batu"
  },
  {
    "kanji": "消",
    "onyomi": "ショウ",
    "kunyomi": "き.えるけ.す",
    "indonesia": "memadamkan, meniup, mematikan, menetralisir, menghapus"
  },
  {
    "kanji": "神",
    "onyomi": "シンジン",
    "kunyomi": "かみかん-こう",
    "indonesia": "dewa, tuhan"
  },
  {
    "kanji": "番",
    "onyomi": "バンツガ.",
    "kunyomi": "",
    "indonesia": "giliran, nomor (dalam rangkaian)"
  },
  {
    "kanji": "害",
    "onyomi": "ガイ",
    "kunyomi": "",
    "indonesia": "bahaya, cedera"
  },
  {
    "kanji": "配",
    "onyomi": "ハイ",
    "kunyomi": "くば.る",
    "indonesia": "distribusi, penjatahan, membagikan"
  },
  {
    "kanji": "副",
    "onyomi": "フク",
    "kunyomi": "",
    "indonesia": "wakil, asisten, ajudan, kopi (duplikat)"
  },
  {
    "kanji": "算",
    "onyomi": "サン",
    "kunyomi": "そろ",
    "indonesia": "menghitung, kalkulasi, meramalkan, probabilitas"
  },
  {
    "kanji": "育",
    "onyomi": "イクハグク.",
    "kunyomi": "そだ.つそだ.ちそだ.てる",
    "indonesia": "membesarkan, tumbuh, menjadi dewasa"
  },
  {
    "kanji": "席",
    "onyomi": "セキ",
    "kunyomi": "むしろ",
    "indonesia": "kursi, tempat duduk, tikar"
  },
  {
    "kanji": "残",
    "onyomi": "ザンサン",
    "kunyomi": "のこ.るのこ.すそこな.うのこ.り",
    "indonesia": "sisa, residu"
  },
  {
    "kanji": "想",
    "onyomi": "ソウソ",
    "kunyomi": "おも.う",
    "indonesia": "konsep, berpikir, ide, pemikiran"
  },
  {
    "kanji": "線",
    "onyomi": "セン",
    "kunyomi": "すじ",
    "indonesia": "garis, trek"
  },
  {
    "kanji": "農",
    "onyomi": "ノウ",
    "kunyomi": "",
    "indonesia": "agrikultur, pertanian"
  },
  {
    "kanji": "州",
    "onyomi": "シュウ、 ス",
    "kunyomi": "す",
    "indonesia": "negara bagian, provinsi"
  },
  {
    "kanji": "念",
    "onyomi": "ネン",
    "kunyomi": "",
    "indonesia": "kehendak, keinginan, perasaan, perhatian"
  },
  {
    "kanji": "象",
    "onyomi": "ショウ、 ゾウ",
    "kunyomi": "かたど.る",
    "indonesia": "gajah, potret, fenomena"
  },
  {
    "kanji": "助",
    "onyomi": "ジョ",
    "kunyomi": "たす.けるたす.かるす.けるすけ",
    "indonesia": "bantuan, pertolongan"
  },
  {
    "kanji": "労",
    "onyomi": "ロウ",
    "kunyomi": "ろう.するいたわ.るいた.ずきねぎらつか.れるねぎら.う",
    "indonesia": "tenaga kerja, jerih payah, berusaha"
  },
  {
    "kanji": "例",
    "onyomi": "レイ",
    "kunyomi": "たと.える",
    "indonesia": "contoh, ilustrasi, misal"
  },
  {
    "kanji": "然",
    "onyomi": "ゼンネン",
    "kunyomi": "しかしか.りしか.しさ",
    "indonesia": "semacamnya, jadi, jika demikian, dalam hal itu"
  },
  {
    "kanji": "追",
    "onyomi": "ツイオ.",
    "kunyomi": "",
    "indonesia": "mengejar, mengikuti, mengusir"
  },
  {
    "kanji": "商",
    "onyomi": "ショウアキナ.",
    "kunyomi": "",
    "indonesia": "berbisnis, berniaga, berdagang"
  },
  {
    "kanji": "葉",
    "onyomi": "ヨウ",
    "kunyomi": "",
    "indonesia": "daun"
  },
  {
    "kanji": "伝",
    "onyomi": "デンテンツ",
    "kunyomi": "つたわるつたえるつたうつだう-.....づたい",
    "indonesia": "mengirimkan, berkomunikasi, legenda, tradisi"
  },
  {
    "kanji": "形",
    "onyomi": "ケイギョウナ",
    "kunyomi": "かた-がたかたち",
    "indonesia": "bentuk, wujud, gaya"
  },
  {
    "kanji": "景",
    "onyomi": "ケ",
    "kunyomi": "",
    "indonesia": "pemandangan"
  },
  {
    "kanji": "落",
    "onyomi": "ラクオ.ト",
    "kunyomi": "お.ちるお.ち",
    "indonesia": "jatuh, turun, anjlok"
  },
  {
    "kanji": "賞",
    "onyomi": "ショウ",
    "kunyomi": "ほ.める",
    "indonesia": "hadiah, penghargaan, pujian"
  },
  {
    "kanji": "辺",
    "onyomi": "ヘン",
    "kunyomi": "あた.り、 ほと.り、 -べ",
    "indonesia": "lingkungan, sekitar, batas, perbatasan,"
  },
  {
    "kanji": "負",
    "onyomi": "フ",
    "kunyomi": "ま.けるま.かすお.う",
    "indonesia": "kalah, menyerah, negatif, minus, beban"
  },
  {
    "kanji": "失",
    "onyomi": "シツ",
    "kunyomi": "うしな.うう.せる",
    "indonesia": "kehilangan, kesalahan"
  },
  {
    "kanji": "差",
    "onyomi": "サ",
    "kunyomi": "さ.すさ.し",
    "indonesia": "perbedaan, selisih, margin, variasi"
  },
  {
    "kanji": "課",
    "onyomi": "カ",
    "kunyomi": "",
    "indonesia": "bab, pelajaran, bagian, departemen, divisi, counter untuk bab (buku)"
  },
  {
    "kanji": "末",
    "onyomi": "マツバツ",
    "kunyomi": "すえ",
    "indonesia": "akhir, ujung, penutup"
  },
  {
    "kanji": "守",
    "onyomi": "シュスカ",
    "kunyomi": "まもるまもりもり-..もり",
    "indonesia": "menjaga, melindungi, membela, mematuhi"
  },
  {
    "kanji": "極",
    "onyomi": "キョク、 ゴク",
    "kunyomi": "きわ.める、 きわ.まる、 きわ.まり、 きわ.み、 き.める、 -ぎ.め、 き.まる",
    "indonesia": "tiang, ekstrim, sangat, puncak, 10^48"
  },
  {
    "kanji": "種",
    "onyomi": "シュ-グ",
    "kunyomi": "たね",
    "indonesia": "jenis, spesies, varietas, kelas"
  },
  {
    "kanji": "美",
    "onyomi": "ビミウツク.シ",
    "kunyomi": "",
    "indonesia": "indah, cantik"
  },
  {
    "kanji": "命",
    "onyomi": "メイミョウ",
    "kunyomi": "いのち",
    "indonesia": "takdir, nasib, hidup"
  },
  {
    "kanji": "福",
    "onyomi": "フ",
    "kunyomi": "",
    "indonesia": "berkah, barokah, keberuntungan, rezeki"
  },
  {
    "kanji": "量",
    "onyomi": "リョウ",
    "kunyomi": "はか.る",
    "indonesia": "kuantitas, takaran, ukuran, berat"
  },
  {
    "kanji": "望",
    "onyomi": "ボウモウモ",
    "kunyomi": "のぞ.む",
    "indonesia": "ambisi, harapan, cita-cita, bulan purnama"
  },
  {
    "kanji": "観",
    "onyomi": "カン",
    "kunyomi": "み.るしめ.す",
    "indonesia": "pandangan, tampilan, penampilan, kondisi"
  },
  {
    "kanji": "察",
    "onyomi": "サツ",
    "kunyomi": "",
    "indonesia": "menebak, menganggap, menduga, menilai"
  },
  {
    "kanji": "整",
    "onyomi": "セイ",
    "kunyomi": "ととの.える、 ととの.う",
    "indonesia": "mengorganisir, menata, mengatur"
  },
  {
    "kanji": "横",
    "onyomi": "オウ",
    "kunyomi": "よこ",
    "indonesia": "samping, sebelah, sisi, horizontal"
  },
  {
    "kanji": "型",
    "onyomi": "ケイ",
    "kunyomi": "かた、 -がた",
    "indonesia": "model, tipe, jenis, cetakan"
  },
  {
    "kanji": "深",
    "onyomi": "シン",
    "kunyomi": "ふかい-..ぶかいふかまるふかめるみ.. -",
    "indonesia": "dalam, mendalami, mengintensifkan, menguatkan"
  },
  {
    "kanji": "申",
    "onyomi": "シン",
    "kunyomi": "もうすもうし-..さる",
    "indonesia": "berbicara, memiliki kehormatan untuk, zodiak Cina (Monyet)"
  },
  {
    "kanji": "様",
    "onyomi": "ヨウショウ",
    "kunyomi": "さまさん",
    "indonesia": "penampilan, sikap, situasi, suffiks yg sopan"
  },
  {
    "kanji": "港",
    "onyomi": "コウ",
    "kunyomi": "みなと",
    "indonesia": "pelabuhan"
  },
  {
    "kanji": "達",
    "onyomi": "タツダ-タ",
    "kunyomi": "",
    "indonesia": "mencapai, tiba, akhiran jamak"
  },
  {
    "kanji": "良",
    "onyomi": "リョウ-イ.",
    "kunyomi": "よい-.よいいい..",
    "indonesia": "baik, memuaskan, terampil"
  },
  {
    "kanji": "谷",
    "onyomi": "コク",
    "kunyomi": "たに、 きわ.まる",
    "indonesia": "lembah"
  },
  {
    "kanji": "候",
    "onyomi": "コウ",
    "kunyomi": "そうろう",
    "indonesia": "iklim, musim, cuaca"
  },
  {
    "kanji": "史",
    "onyomi": "シ",
    "kunyomi": "",
    "indonesia": "sejarah, babad, kronik"
  },
  {
    "kanji": "階",
    "onyomi": "カイ",
    "kunyomi": "きざはし",
    "indonesia": "lantai, tangga, tingkat, counter untuk lantai bangunan"
  },
  {
    "kanji": "満",
    "onyomi": "マンバンミ.タ",
    "kunyomi": "み.ちるみ.つ",
    "indonesia": "penuh, cukup, puas"
  },
  {
    "kanji": "敗",
    "onyomi": "ハイ",
    "kunyomi": "やぶ.れる",
    "indonesia": "kegagalan, kekalahan, pembalikan"
  },
  {
    "kanji": "管",
    "onyomi": "カン",
    "kunyomi": "くだ",
    "indonesia": "pipa, tabung, instrumen angin"
  },
  {
    "kanji": "兵",
    "onyomi": "ヘイ、 ヒョウ",
    "kunyomi": "つわもの",
    "indonesia": "tentara, pasukan, prajurit, tamtama"
  },
  {
    "kanji": "器",
    "onyomi": "キ",
    "kunyomi": "うつわ",
    "indonesia": "perkakas, instrumen, perangkat, wadah"
  },
  {
    "kanji": "路",
    "onyomi": "ロル",
    "kunyomi": "-じみち",
    "indonesia": "jalan, rute, jarak"
  },
  {
    "kanji": "科",
    "onyomi": "カ",
    "kunyomi": "",
    "indonesia": "departemen, bagian, mata pelajaran"
  },
  {
    "kanji": "細",
    "onyomi": "サイ",
    "kunyomi": "ほそ.い、 ほそ.る、 こま.か、 こま.かい",
    "indonesia": "ramping, tipis, mungil, sempit"
  },
  {
    "kanji": "積",
    "onyomi": "セキツ.モ",
    "kunyomi": "つむ-.づみつもる..",
    "indonesia": "volume, akumulasi, menumpuk"
  },
  {
    "kanji": "丸",
    "onyomi": "ガン",
    "kunyomi": "まる、 まる.める、 まる.い",
    "indonesia": "bundar, lingkaran, keseluruhan (secara bulat-bulat)"
  },
  {
    "kanji": "他",
    "onyomi": "タ",
    "kunyomi": "ほか",
    "indonesia": "lain, yang lainnya"
  },
  {
    "kanji": "録",
    "onyomi": "ロク",
    "kunyomi": "しる.す、 と.る",
    "indonesia": "merekam, mencatat"
  },
  {
    "kanji": "省",
    "onyomi": "セイ、 ショウ",
    "kunyomi": "かえり.みる、 はぶ.く",
    "indonesia": "fokus, kementrian pemerintah, melestarikan"
  },
  {
    "kanji": "橋",
    "onyomi": "キョウ",
    "kunyomi": "はし",
    "indonesia": "jembatan"
  },
  {
    "kanji": "岸",
    "onyomi": "ガン",
    "kunyomi": "きし",
    "indonesia": "pantai"
  },
  {
    "kanji": "客",
    "onyomi": "キャクカク",
    "kunyomi": "",
    "indonesia": "tamu, pengunjung, pelanggan, klien"
  },
  {
    "kanji": "周",
    "onyomi": "シュウ",
    "kunyomi": "まわ.り",
    "indonesia": "lingkar, sirkuit, putaran"
  },
  {
    "kanji": "材",
    "onyomi": "ザイ",
    "kunyomi": "",
    "indonesia": "kayu, material, bahan, bakat"
  },
  {
    "kanji": "登",
    "onyomi": "トウトドウショウチョウア.ガ",
    "kunyomi": "のぼ.る",
    "indonesia": "mendaki, memanjat, naik"
  },
  {
    "kanji": "健",
    "onyomi": "ケン",
    "kunyomi": "すこ.やか",
    "indonesia": "sehat, bugar"
  },
  {
    "kanji": "戸",
    "onyomi": "コ",
    "kunyomi": "と",
    "indonesia": "pintu, counter untuk rumah"
  },
  {
    "kanji": "速",
    "onyomi": "ソクスミ.ヤ",
    "kunyomi": "はやいはや-..はやめる",
    "indonesia": "cepat, lekas"
  },
  {
    "kanji": "飛",
    "onyomi": "ヒ-トバ.",
    "kunyomi": "と.ぶと.ばす",
    "indonesia": "terbang, melonjak, melangit"
  },
  {
    "kanji": "殺",
    "onyomi": "サツサイセツ",
    "kunyomi": "ころす-..ごろしそぐ.",
    "indonesia": "membunuh, membinasakan, menghancurkan"
  },
  {
    "kanji": "央",
    "onyomi": "オウ",
    "kunyomi": "",
    "indonesia": "pusat, tengah"
  },
  {
    "kanji": "号",
    "onyomi": "ゴウ",
    "kunyomi": "さけ.ぶよびな",
    "indonesia": "nomor, isu (terbitan), item, julukan, alias, pseudonim"
  },
  {
    "kanji": "単",
    "onyomi": "タン",
    "kunyomi": "ひとえ",
    "indonesia": "sederhana, satu, tunggal"
  },
  {
    "kanji": "竹",
    "onyomi": "チク",
    "kunyomi": "たけ",
    "indonesia": "bambu"
  },
  {
    "kanji": "完",
    "onyomi": "カン",
    "kunyomi": "",
    "indonesia": "sempurna, komplit, akhir"
  },
  {
    "kanji": "競",
    "onyomi": "キョウ、 ケイ",
    "kunyomi": "きそ.う、 せ.る、 くら.べる",
    "indonesia": "bertanding, bersaingan, kontes, berlomba"
  },
  {
    "kanji": "給",
    "onyomi": "キュウ-タマ.",
    "kunyomi": "たま.うたも.う",
    "indonesia": "gaji, upah, hadiah, hibah"
  },
  {
    "kanji": "根",
    "onyomi": "コン",
    "kunyomi": "ね、 -ね",
    "indonesia": "akar, basis, fondasi, radikal"
  },
  {
    "kanji": "苦",
    "onyomi": "ク",
    "kunyomi": "くるしい-......ぐるしいくるしむくるしめるにがいにがる",
    "indonesia": "pahit, penderitaan, sengsara"
  },
  {
    "kanji": "園",
    "onyomi": "エンソ",
    "kunyomi": "",
    "indonesia": "taman, kebun, halaman"
  },
  {
    "kanji": "具",
    "onyomi": "グツブサ.",
    "kunyomi": "そな.える",
    "indonesia": "alat, perkakas, bahan"
  },
  {
    "kanji": "歴",
    "onyomi": "レキ、 レッキ",
    "kunyomi": "",
    "indonesia": "kurikulum, kelanjutan, berlalunya waktu"
  },
  {
    "kanji": "辞",
    "onyomi": "ジ",
    "kunyomi": "や.めるいな.む",
    "indonesia": "mengundurkan diri, kata, istilah, ungkapan"
  },
  {
    "kanji": "馬",
    "onyomi": "バ",
    "kunyomi": "うまうま-",
    "indonesia": "kuda"
  },
  {
    "kanji": "愛",
    "onyomi": "アイイト.シ",
    "kunyomi": "",
    "indonesia": "cinta, kasih sayang, kesayangan"
  },
  {
    "kanji": "未",
    "onyomi": "ミビ",
    "kunyomi": "いま.だま.だひつじ",
    "indonesia": "belum, zodiak Cina (kambing)"
  },
  {
    "kanji": "航",
    "onyomi": "コウ",
    "kunyomi": "",
    "indonesia": "navigasi, berlayar, melayang"
  },
  {
    "kanji": "冷",
    "onyomi": "レイ",
    "kunyomi": "つめ.たいひ.えるひ.やひ.ややかひ.やすひ.やかすさ.めるさ.ます",
    "indonesia": "dingin"
  },
  {
    "kanji": "鉄",
    "onyomi": "テツ",
    "kunyomi": "くろがね",
    "indonesia": "besi"
  },
  {
    "kanji": "類",
    "onyomi": "ルイ",
    "kunyomi": "たぐ.い",
    "indonesia": "jenis, ragam, variasi, kelas, genus"
  },
  {
    "kanji": "児",
    "onyomi": "ジ、 ニ、 ゲイ",
    "kunyomi": "こ、 -こ、 -っこ",
    "indonesia": "bayi, anak"
  },
  {
    "kanji": "印",
    "onyomi": "イン",
    "kunyomi": "しるし、 -じるし、 しる.す",
    "indonesia": "stempel, segel, cap, tanda, jejak, merek, simbol, lambang"
  },
  {
    "kanji": "王",
    "onyomi": "オウ-ノ",
    "kunyomi": "",
    "indonesia": "raja, penguasa"
  },
  {
    "kanji": "返",
    "onyomi": "ヘン",
    "kunyomi": "かえす-..かえすかえる-..かえる",
    "indonesia": "kembali, menjawab, mengembalikan"
  },
  {
    "kanji": "標",
    "onyomi": "ヒョウ",
    "kunyomi": "しるべ、 しるし",
    "indonesia": "plang, papan jalan, tanda/lambang/simbol"
  },
  {
    "kanji": "油",
    "onyomi": "ユ、 ユウ",
    "kunyomi": "あぶら",
    "indonesia": "minyak, lemak"
  },
  {
    "kanji": "輪",
    "onyomi": "リン",
    "kunyomi": "わ",
    "indonesia": "roda, cincin, lingkaran, putaran, counter untuk roda & bunga"
  },
  {
    "kanji": "植",
    "onyomi": "ショク",
    "kunyomi": "う.える、 う.わる",
    "indonesia": "tanam, menanam"
  },
  {
    "kanji": "熱",
    "onyomi": "ネツアツ.",
    "kunyomi": "",
    "indonesia": "panas, demam, suhu, gairah"
  },
  {
    "kanji": "宿",
    "onyomi": "シュクヤド.",
    "kunyomi": "やどやど.る",
    "indonesia": "penginapan, losmen, pondok"
  },
  {
    "kanji": "清",
    "onyomi": "セイ、 ショウ、 シン",
    "kunyomi": "きよ.い、 きよ.まる、 きよ.める",
    "indonesia": "murni, suci, tulen, bersih, jernih"
  },
  {
    "kanji": "覚",
    "onyomi": "カク",
    "kunyomi": "おぼ.えるさ.ますさ.めるさと.る",
    "indonesia": "ingat, hafal, belajar, bangun, sadar"
  },
  {
    "kanji": "船",
    "onyomi": "セン",
    "kunyomi": "ふねふな",
    "indonesia": "kapal, perahu"
  },
  {
    "kanji": "倍",
    "onyomi": "バイ",
    "kunyomi": "",
    "indonesia": "dobel, ganda, -kali lipat"
  },
  {
    "kanji": "億",
    "onyomi": "オク",
    "kunyomi": "",
    "indonesia": "ratus juta, 10^8"
  },
  {
    "kanji": "芸",
    "onyomi": "ゲイ、 ウン",
    "kunyomi": "う.える、 のり、 わざ",
    "indonesia": "teknik, seni, kerajinan, pertunjukan, trik"
  },
  {
    "kanji": "停",
    "onyomi": "テイ",
    "kunyomi": "と.める、 と.まる",
    "indonesia": "berhenti, stop"
  },
  {
    "kanji": "陸",
    "onyomi": "リク、 ロク",
    "kunyomi": "おか",
    "indonesia": "daratan, enam"
  },
  {
    "kanji": "玉",
    "onyomi": "ギョク",
    "kunyomi": "たま、 たま-、 -だま",
    "indonesia": "permata, perhiasan, benda bulat"
  },
  {
    "kanji": "波",
    "onyomi": "ハ",
    "kunyomi": "なみ",
    "indonesia": "gelombang, ombak"
  },
  {
    "kanji": "帯",
    "onyomi": "タイ",
    "kunyomi": "お.びる、 おび",
    "indonesia": "sabuk, ikat pinggang, selempang"
  },
  {
    "kanji": "羽",
    "onyomi": "ウ",
    "kunyomi": "は、 わ、 はね",
    "indonesia": "bulu, counter untuk burung & kelinci"
  },
  {
    "kanji": "努",
    "onyomi": "ド",
    "kunyomi": "つと.める",
    "indonesia": "kerja keras, rajin, usaha"
  },
  {
    "kanji": "固",
    "onyomi": "コ",
    "kunyomi": "かた.める、 かた.まる、 かた.まり、 かた.い",
    "indonesia": "mengeras, menggumpal, mengental"
  },
  {
    "kanji": "散",
    "onyomi": "サンバ",
    "kunyomi": "ちるちらす-.....ちらすちらかすちらかる",
    "indonesia": "menyebarkan, menaburkan, membubarkan"
  },
  {
    "kanji": "司",
    "onyomi": "シ",
    "kunyomi": "つかさど.る",
    "indonesia": "boss, direktur, pejabat,"
  },
  {
    "kanji": "康",
    "onyomi": "コウ",
    "kunyomi": "",
    "indonesia": "kemudahan, kedamaian"
  },
  {
    "kanji": "静",
    "onyomi": "セイジョウシズ.メ",
    "kunyomi": "しず-しずかしずまる..",
    "indonesia": "diam, tenang"
  },
  {
    "kanji": "喜",
    "onyomi": "キヨロコ.バ",
    "kunyomi": "よろこ.ぶ",
    "indonesia": "bersuka cita, bergembira"
  },
  {
    "kanji": "囲",
    "onyomi": "イ",
    "kunyomi": "かこ.む、 かこ.う、 かこ.い",
    "indonesia": "terkepung, dikelilingi, dilingkari"
  },
  {
    "kanji": "卒",
    "onyomi": "ソツ、 シュツ",
    "kunyomi": "そっ.する、 お.える、 お.わる、 ついに、 にわか",
    "indonesia": "lulusan, tentara, swasta, mati"
  },
  {
    "kanji": "順",
    "onyomi": "ジュン",
    "kunyomi": "",
    "indonesia": "taat, patuh, urutan, giliran"
  },
  {
    "kanji": "級",
    "onyomi": "キュウ",
    "kunyomi": "",
    "indonesia": "kelas, tingkatan"
  },
  {
    "kanji": "幸",
    "onyomi": "コウシアワ.",
    "kunyomi": "さいわ.いさち",
    "indonesia": "kebahagiaan, berkah, keberuntungan"
  },
  {
    "kanji": "岩",
    "onyomi": "ガン",
    "kunyomi": "いわ",
    "indonesia": "batu, tebing"
  },
  {
    "kanji": "練",
    "onyomi": "レン",
    "kunyomi": "ね.る、 ね.り",
    "indonesia": "latihan, praktek, drill, mengasah"
  },
  {
    "kanji": "等",
    "onyomi": "トウ-",
    "kunyomi": "ひと.しいなど",
    "indonesia": "dll, dan sebagainya, jenis, macam, tipe"
  },
  {
    "kanji": "救",
    "onyomi": "キュウ",
    "kunyomi": "すく.う",
    "indonesia": "keselamatan, pertolongan"
  },
  {
    "kanji": "老",
    "onyomi": "ロウフ.ケ",
    "kunyomi": "お.いる",
    "indonesia": "orang tua, renta"
  },
  {
    "kanji": "令",
    "onyomi": "レイ",
    "kunyomi": "",
    "indonesia": "perintah, keputusan, hukum, dekrit"
  },
  {
    "kanji": "角",
    "onyomi": "カク",
    "kunyomi": "かど、 つの",
    "indonesia": "sudut, segi, pojok, tanduk"
  },
  {
    "kanji": "曲",
    "onyomi": "キョクマ.ゲ",
    "kunyomi": "ま.がる",
    "indonesia": "tikungan, belokan, tidak lurus, musik, melodi, komposisi"
  },
  {
    "kanji": "庭",
    "onyomi": "テイニ",
    "kunyomi": "",
    "indonesia": "halaman, taman"
  },
  {
    "kanji": "徒",
    "onyomi": "トア",
    "kunyomi": "いたずら",
    "indonesia": "jalan kaki, murid, pengikut"
  },
  {
    "kanji": "貨",
    "onyomi": "カ",
    "kunyomi": "たから",
    "indonesia": "kargo, produk komoditas, barang"
  },
  {
    "kanji": "血",
    "onyomi": "ケツ",
    "kunyomi": "ち",
    "indonesia": "darah"
  },
  {
    "kanji": "温",
    "onyomi": "オン",
    "kunyomi": "あたた.か、 あたた.かい、 あたた.まる、 あたた.める、 ぬく",
    "indonesia": "hangat"
  },
  {
    "kanji": "季",
    "onyomi": "キ",
    "kunyomi": "",
    "indonesia": "musim"
  },
  {
    "kanji": "星",
    "onyomi": "セイ、 ショウ",
    "kunyomi": "ほし、 -ぼし",
    "indonesia": "bintang, titik"
  },
  {
    "kanji": "庫",
    "onyomi": "コ、 ク",
    "kunyomi": "くら",
    "indonesia": "gudang, tempat penyimpanan, lumbung"
  },
  {
    "kanji": "欠",
    "onyomi": "",
    "kunyomi": "あくび",
    "indonesia": "kekurangan, defisiensi"
  },
  {
    "kanji": "坂",
    "onyomi": "ハン",
    "kunyomi": "さか",
    "indonesia": "lereng, bukit, tanjakan"
  },
  {
    "kanji": "底",
    "onyomi": "テイ",
    "kunyomi": "そこ",
    "indonesia": "dasar, bagian bawah, kedalaman"
  },
  {
    "kanji": "寺",
    "onyomi": "ジ",
    "kunyomi": "てら",
    "indonesia": "kuil, pura, candi"
  },
  {
    "kanji": "息",
    "onyomi": "ソク",
    "kunyomi": "いき",
    "indonesia": "nafas, respirasi"
  },
  {
    "kanji": "願",
    "onyomi": "ガン-ネガ",
    "kunyomi": "ねが.う",
    "indonesia": "permintaan, permohonan, petisi, harapan"
  },
  {
    "kanji": "絵",
    "onyomi": "カイエ",
    "kunyomi": "",
    "indonesia": "gambar, lukisan, sketsa"
  },
  {
    "kanji": "希",
    "onyomi": "キ、 ケ",
    "kunyomi": "まれ",
    "indonesia": "harapan, permohonan, permintaan"
  },
  {
    "kanji": "笑",
    "onyomi": "ショウエ.",
    "kunyomi": "わら.う",
    "indonesia": "tertawa"
  },
  {
    "kanji": "束",
    "onyomi": "ソク",
    "kunyomi": "たばたば.ねるつかつか.ねる",
    "indonesia": "bundel, berkas, rim"
  },
  {
    "kanji": "仲",
    "onyomi": "チュウ",
    "kunyomi": "なか",
    "indonesia": "antara, hubungan"
  },
  {
    "kanji": "栄",
    "onyomi": "エイ、 ヨウ",
    "kunyomi": "さか.える、 は.え、 -ば.え、 は.える、 え",
    "indonesia": "berkembang, makmur, megah, berjaya"
  },
  {
    "kanji": "札",
    "onyomi": "サツ",
    "kunyomi": "ふだ",
    "indonesia": "label, uang kertas"
  },
  {
    "kanji": "板",
    "onyomi": "ハン、 バン",
    "kunyomi": "いた",
    "indonesia": "papan, plat"
  },
  {
    "kanji": "列",
    "onyomi": "レツ",
    "kunyomi": "",
    "indonesia": "file, baris, peringkat, tier, kolom"
  },
  {
    "kanji": "節",
    "onyomi": "セツ、 セチ",
    "kunyomi": "ふし、 -ぶし、 のっと",
    "indonesia": "simpul, ikatan, musim, bait (lagu), stanza (puisi)"
  },
  {
    "kanji": "遊",
    "onyomi": "ユウユアソ.バ",
    "kunyomi": "あそ.ぶ",
    "indonesia": "bermain"
  },
  {
    "kanji": "君",
    "onyomi": "クン-ギ",
    "kunyomi": "きみ",
    "indonesia": "anda, tuan, penguasa, suffiks untuk anak laki-laki"
  },
  {
    "kanji": "包",
    "onyomi": "ホウ",
    "kunyomi": "つつ.む、 くる.む",
    "indonesia": "bungkus, kemas, tutup/cover"
  },
  {
    "kanji": "折",
    "onyomi": "セツオ.レ",
    "kunyomi": "おるおりおり-..おり.",
    "indonesia": "lipat, patah, bengkok"
  },
  {
    "kanji": "草",
    "onyomi": "ソウ-グ",
    "kunyomi": "くさくさ-",
    "indonesia": "rumput, rerumputan, gulma"
  },
  {
    "kanji": "焼",
    "onyomi": "ショウ",
    "kunyomi": "や.く、 や.き、 や.き-、 -や.き、 や.ける",
    "indonesia": "panggang, bakar"
  },
  {
    "kanji": "章",
    "onyomi": "ショウ",
    "kunyomi": "",
    "indonesia": "lencana, bab, komposisi, puisi, desain"
  },
  {
    "kanji": "照",
    "onyomi": "ショウ",
    "kunyomi": "て.る、 て.らす、 て.れる",
    "indonesia": "menerangi, bersinar, malu-malu"
  },
  {
    "kanji": "酒",
    "onyomi": "シュ",
    "kunyomi": "さけさか",
    "indonesia": "sake, minuman keras"
  },
  {
    "kanji": "悲",
    "onyomi": "ヒ",
    "kunyomi": "かな.しいかな.しむ",
    "indonesia": "sedih, berduka"
  },
  {
    "kanji": "秒",
    "onyomi": "ビョウ",
    "kunyomi": "",
    "indonesia": "detik"
  },
  {
    "kanji": "晴",
    "onyomi": "セイハ.ラ",
    "kunyomi": "はれるはれはれ-... -ばれ.",
    "indonesia": "cerah, bersih"
  },
  {
    "kanji": "陽",
    "onyomi": "ヨウ",
    "kunyomi": "",
    "indonesia": "sinar matahari, sianghari"
  },
  {
    "kanji": "皮",
    "onyomi": "ヒ",
    "kunyomi": "かわ",
    "indonesia": "kulit"
  },
  {
    "kanji": "漁",
    "onyomi": "ギョ、 リョウ",
    "kunyomi": "あさ.る",
    "indonesia": "memancing, perikanan"
  },
  {
    "kanji": "貯",
    "onyomi": "チョ",
    "kunyomi": "た.める、 たくわ.える",
    "indonesia": "simpanan, tabungan"
  },
  {
    "kanji": "歯",
    "onyomi": "シ",
    "kunyomi": "よわいはよわ.いよわい.する",
    "indonesia": "gigi, gerigi"
  },
  {
    "kanji": "柱",
    "onyomi": "チュウ",
    "kunyomi": "はしら",
    "indonesia": "pilar, silinder, tiang, menyokong"
  },
  {
    "kanji": "祭",
    "onyomi": "サイ",
    "kunyomi": "まつ.る、 まつ.り、 まつり",
    "indonesia": "festival, perayaan, ritual"
  },
  {
    "kanji": "雪",
    "onyomi": "セツユ",
    "kunyomi": "",
    "indonesia": "salju"
  },
  {
    "kanji": "筆",
    "onyomi": "ヒツ",
    "kunyomi": "ふで",
    "indonesia": "kuas, tulisan, kuas lukis"
  },
  {
    "kanji": "訓",
    "onyomi": "クン、 キン",
    "kunyomi": "おし.える、 よ.む、 くん.ずる",
    "indonesia": "instruksi, penjelasan, ajaran"
  },
  {
    "kanji": "浴",
    "onyomi": "ヨク",
    "kunyomi": "あ.びる、 あ.びせる",
    "indonesia": "mandi"
  },
  {
    "kanji": "童",
    "onyomi": "ドウ",
    "kunyomi": "わらべ",
    "indonesia": "remaja, anak"
  },
  {
    "kanji": "塩",
    "onyomi": "エン",
    "kunyomi": "しお",
    "indonesia": "garam"
  },
  {
    "kanji": "兆",
    "onyomi": "チョウ",
    "kunyomi": "きざ.す、 きざ.し",
    "indonesia": "pertanda, gejala, 10^12 (triliun)"
  },
  {
    "kanji": "畑",
    "onyomi": "",
    "kunyomi": "はた、はたけ、-ばたけ",
    "indonesia": "tanah pertanian, field"
  },
  {
    "kanji": "毛",
    "onyomi": "モウ",
    "kunyomi": "け",
    "indonesia": "bulu, rambut"
  },
  {
    "kanji": "緑",
    "onyomi": "リョク、 ロク",
    "kunyomi": "みどり",
    "indonesia": "hijau"
  },
  {
    "kanji": "祝",
    "onyomi": "シュク、 シュウ",
    "kunyomi": "いわ.う",
    "indonesia": "merayakan, menyelamati"
  },
  {
    "kanji": "礼",
    "onyomi": "レイラ",
    "kunyomi": "",
    "indonesia": "hormat, membungkukkan badan, terima kasih"
  },
  {
    "kanji": "昔",
    "onyomi": "セキシャク",
    "kunyomi": "むかし",
    "indonesia": "pada jaman dahulu"
  },
  {
    "kanji": "衣",
    "onyomi": "イ、 エ",
    "kunyomi": "ころも、 きぬ、 -ぎ",
    "indonesia": "pakaian, garmen, jubah"
  },
  {
    "kanji": "泳",
    "onyomi": "エイ",
    "kunyomi": "およ.ぐ",
    "indonesia": "berenang"
  },
  {
    "kanji": "荷",
    "onyomi": "カ",
    "kunyomi": "に",
    "indonesia": "beban, muatan, kargo, barang bawaan"
  },
  {
    "kanji": "黄",
    "onyomi": "コウ、 オウ",
    "kunyomi": "き、 こ-",
    "indonesia": "kuning"
  },
  {
    "kanji": "臣",
    "onyomi": "シン、 ジン",
    "kunyomi": "",
    "indonesia": "pelayan, pembantu"
  },
  {
    "kanji": "浅",
    "onyomi": "セン",
    "kunyomi": "あさ.い",
    "indonesia": "dangkal, sepele, superfisial, remeh"
  },
  {
    "kanji": "雲",
    "onyomi": "ウン",
    "kunyomi": "くも、 -ぐも",
    "indonesia": "awan"
  },
  {
    "kanji": "鳴",
    "onyomi": "メイナ.ラ",
    "kunyomi": "な.くな.る",
    "indonesia": "kicauan, gonggongan, gemuruh"
  },
  {
    "kanji": "炭",
    "onyomi": "タン",
    "kunyomi": "すみ",
    "indonesia": "batu bara, arang"
  },
  {
    "kanji": "勇",
    "onyomi": "ユウ",
    "kunyomi": "いさ.む",
    "indonesia": "keberanian, tak gentar, kepahlawanan"
  },
  {
    "kanji": "械",
    "onyomi": "カイ",
    "kunyomi": "かせ",
    "indonesia": "alat, mesin, instrumen"
  },
  {
    "kanji": "湖",
    "onyomi": "コ",
    "kunyomi": "みずうみ",
    "indonesia": "danau"
  },
  {
    "kanji": "虫",
    "onyomi": "チュウ、 キ",
    "kunyomi": "むし",
    "indonesia": "serangga, hama"
  },
  {
    "kanji": "刷",
    "onyomi": "サツ",
    "kunyomi": "す.る、 -ず.り、 -ずり、 は.く",
    "indonesia": "percetakan, printing, cetak"
  },
  {
    "kanji": "湯",
    "onyomi": "トウ",
    "kunyomi": "ゆ",
    "indonesia": "air panas, pemandian air panas"
  },
  {
    "kanji": "箱",
    "onyomi": "ソウ",
    "kunyomi": "はこ",
    "indonesia": "kotak, peti, koper"
  },
  {
    "kanji": "泣",
    "onyomi": "キュウ",
    "kunyomi": "な.く",
    "indonesia": "menangis, menangis, mengerang"
  },
  {
    "kanji": "孫",
    "onyomi": "ソン",
    "kunyomi": "まご",
    "indonesia": "cucu, keturunan"
  },
  {
    "kanji": "毒",
    "onyomi": "ドク",
    "kunyomi": "",
    "indonesia": "racun, bisa, toksin"
  },
  {
    "kanji": "氷",
    "onyomi": "ヒョウ",
    "kunyomi": "こおり、 ひ、 こお.る",
    "indonesia": "es, bekuan"
  },
  {
    "kanji": "拾",
    "onyomi": "シュウ、 ジュウ",
    "kunyomi": "ひろ.う",
    "indonesia": "memungut, mengambil, mengumpulkan"
  },
  {
    "kanji": "粉",
    "onyomi": "フン",
    "kunyomi": "デシメートル、 こ、 こな",
    "indonesia": "tepung, bubuk, debu"
  },
  {
    "kanji": "糸",
    "onyomi": "シ",
    "kunyomi": "いと",
    "indonesia": "benang, tali"
  },
  {
    "kanji": "才",
    "onyomi": "サイ",
    "kunyomi": "",
    "indonesia": "jenius, berbakat, usia"
  },
  {
    "kanji": "灯",
    "onyomi": "トウ",
    "kunyomi": "ひ、 ほ-、 ともしび、 とも.す、 あかり",
    "indonesia": "lampu, cahaya, obor"
  },
  {
    "kanji": "麦",
    "onyomi": "バク",
    "kunyomi": "むぎ",
    "indonesia": "gandum, jelai"
  },
  {
    "kanji": "鼻",
    "onyomi": "ビ",
    "kunyomi": "はな",
    "indonesia": "hidung, moncong"
  },
  {
    "kanji": "胃",
    "onyomi": "イ",
    "kunyomi": "",
    "indonesia": "perut, tembolok"
  },
  {
    "kanji": "貝",
    "onyomi": "バイ",
    "kunyomi": "かい",
    "indonesia": "kerang-kerangan"
  },
  {
    "kanji": "皿",
    "onyomi": "ベイ",
    "kunyomi": "さら",
    "indonesia": "piring"
  }
]