[
  {
    "kanji": "危ない",
    "hiragana": "あぶない",
    "meaning": "berbahaya",
    "type": "i",
    "present negative (plain)": "あぶなくない",
    "past (plain)": "あぶなかった",
    "past negative (plain)": "あぶなくなかった",
    "copula da (only na)": ""
  },
  {
    "kanji": "赤い",
    "hiragana": "あかい",
    "meaning": "merah; merah tua; merah tua",
    "type": "i",
    "present negative (plain)": "あかくない",
    "past (plain)": "あかかった",
    "past negative (plain)": "あかくなかった",
    "copula da (only na)": ""
  },
  {
    "kanji": "明るい",
    "hiragana": "あかるい",
    "meaning": "terang; terang",
    "type": "i",
    "present negative (plain)": "あかるくない",
    "past (plain)": "あかるかった",
    "past negative (plain)": "あかるくなかった",
    "copula da (only na)": ""
  },
  {
    "kanji": "甘い",
    "hiragana": "あまい",
    "meaning": "manis; berasa manis; manis; naif; memanjakan",
    "type": "i",
    "present negative (plain)": "あまくない",
    "past (plain)": "あまかった",
    "past negative (plain)": "あまくなかった",
    "copula da (only na)": ""
  },
  {
    "kanji": "青い",
    "hiragana": "あおい",
    "meaning": "biru; biru langit",
    "type": "i",
    "present negative (plain)": "あおくない",
    "past (plain)": "あおかった",
    "past negative (plain)": "あおくなかった",
    "copula da (only na)": ""
  },
  {
    "kanji": "新しい",
    "hiragana": "あたらしい",
    "meaning": "baru; baru; segar; terkini; terkini",
    "type": "i",
    "present negative (plain)": "あたらしくない",
    "past (plain)": "あたらしかった",
    "past negative (plain)": "あたらしくなかった",
    "copula da (only na)": ""
  },
  {
    "kanji": "暖かい",
    "hiragana": "あたたかい",
    "meaning": "hangat",
    "type": "i",
    "present negative (plain)": "あたたかくない",
    "past (plain)": "あたたかかった",
    "past negative (plain)": "あたたかくなかった",
    "copula da (only na)": ""
  },
  {
    "kanji": "厚い",
    "hiragana": "あつい",
    "meaning": "kental (homonim)",
    "type": "i",
    "present negative (plain)": "あつくない",
    "past (plain)": "あつかった",
    "past negative (plain)": "あつくなかった",
    "copula da (only na)": ""
  },
  {
    "kanji": "暑い",
    "hiragana": "あつい",
    "meaning": "panas; gerah (homonim)",
    "type": "i",
    "present negative (plain)": "あつくない",
    "past (plain)": "あつかった",
    "past negative (plain)": "あつくなかった",
    "copula da (only na)": ""
  },
  {
    "kanji": "熱い",
    "hiragana": "あつい",
    "meaning": "panas (homonim)",
    "type": "i",
    "present negative (plain)": "あつくない",
    "past (plain)": "あつかった",
    "past negative (plain)": "あつくなかった",
    "copula da (only na)": ""
  },
  {
    "kanji": "小さい",
    "hiragana": "ちいさい",
    "meaning": "kecil; kecil; mungil",
    "type": "i",
    "present negative (plain)": "ちいさくない",
    "past (plain)": "ちいさかった",
    "past negative (plain)": "ちいさくなかった",
    "copula da (only na)": ""
  },
  {
    "kanji": "近い",
    "hiragana": "ちかい",
    "meaning": "dekat; dekat",
    "type": "i",
    "present negative (plain)": "ちかくない",
    "past (plain)": "ちかかった",
    "past negative (plain)": "ちかくなかった",
    "copula da (only na)": ""
  },
  {
    "kanji": "古い",
    "hiragana": "ふるい",
    "meaning": "tua (tidak digunakan untuk orang)",
    "type": "i",
    "present negative (plain)": "ふるくない",
    "past (plain)": "ふるかった",
    "past negative (plain)": "ふるくなかった",
    "copula da (only na)": ""
  },
  {
    "kanji": "太い",
    "hiragana": "ふとい",
    "meaning": "gemuk; tebal",
    "type": "i",
    "present negative (plain)": "ふとくない",
    "past (plain)": "ふとかった",
    "past negative (plain)": "ふとくなかった",
    "copula da (only na)": ""
  },
  {
    "kanji": "早い",
    "hiragana": "はやい",
    "meaning": "cepat; awal",
    "type": "i",
    "present negative (plain)": "はやくない",
    "past (plain)": "はやかった",
    "past negative (plain)": "はやくなかった",
    "copula da (only na)": ""
  },
  {
    "kanji": "速い",
    "hiragana": "はやい",
    "meaning": "cepat; cepat; tergesa-gesa; sigap",
    "type": "i",
    "present negative (plain)": "はやくない",
    "past (plain)": "はやかった",
    "past negative (plain)": "はやくなかった",
    "copula da (only na)": ""
  },
  {
    "kanji": "低い",
    "hiragana": "ひくい",
    "meaning": "pendek, rendah",
    "type": "i",
    "present negative (plain)": "ひくくない",
    "past (plain)": "ひくかった",
    "past negative (plain)": "ひくくなかった",
    "copula da (only na)": ""
  },
  {
    "kanji": "広い",
    "hiragana": "ひろい",
    "meaning": "luas; luas; lebar",
    "type": "i",
    "present negative (plain)": "ひろくない",
    "past (plain)": "ひろかった",
    "past negative (plain)": "ひろくなかった",
    "copula da (only na)": ""
  },
  {
    "kanji": "欲しい",
    "hiragana": "ほしい",
    "meaning": "ingin",
    "type": "i",
    "present negative (plain)": "ほしくない",
    "past (plain)": "ほしかった",
    "past negative (plain)": "ほしくなかった",
    "copula da (only na)": ""
  },
  {
    "kanji": "細い",
    "hiragana": "ほそい",
    "meaning": "tipis; ramping",
    "type": "i",
    "present negative (plain)": "ほそくない",
    "past (plain)": "ほそかった",
    "past negative (plain)": "ほそくなかった",
    "copula da (only na)": ""
  },
  {
    "kanji": "忙しい",
    "hiragana": "いそがしい",
    "meaning": "sibuk",
    "type": "i",
    "present negative (plain)": "いそがしくない",
    "past (plain)": "いそがしかった",
    "past negative (plain)": "いそがしくなかった",
    "copula da (only na)": ""
  },
  {
    "kanji": "痛い",
    "hiragana": "いたい",
    "meaning": "menyakitkan; perih",
    "type": "i",
    "present negative (plain)": "いたくない",
    "past (plain)": "いたかった",
    "past negative (plain)": "いたくなかった",
    "copula da (only na)": ""
  },
  {
    "kanji": "辛い",
    "hiragana": "からい",
    "meaning": "pedas",
    "type": "i",
    "present negative (plain)": "からくない",
    "past (plain)": "からかった",
    "past negative (plain)": "からくなかった",
    "copula da (only na)": ""
  },
  {
    "kanji": "軽い",
    "hiragana": "かるい",
    "meaning": "terang",
    "type": "i",
    "present negative (plain)": "かるくない",
    "past (plain)": "かるかった",
    "past negative (plain)": "かるくなかった",
    "copula da (only na)": ""
  },
  {
    "kanji": "可愛い",
    "hiragana": "かわいい",
    "meaning": "imut",
    "type": "i",
    "present negative (plain)": "かわいくない",
    "past (plain)": "かわいかった",
    "past negative (plain)": "かわいくなかった",
    "copula da (only na)": ""
  },
  {
    "kanji": "黄色い",
    "hiragana": "きいろい",
    "meaning": "kuning",
    "type": "i",
    "present negative (plain)": "きいろくない",
    "past (plain)": "きいろかった",
    "past negative (plain)": "きいろくなかった",
    "copula da (only na)": ""
  },
  {
    "kanji": "汚い",
    "hiragana": "きたない",
    "meaning": "kotor",
    "type": "i",
    "present negative (plain)": "きたなくない",
    "past (plain)": "きたなかった",
    "past negative (plain)": "きたなくなかった",
    "copula da (only na)": ""
  },
  {
    "kanji": "暗い",
    "hiragana": "くらい",
    "meaning": "gelap; suram; keruh",
    "type": "i",
    "present negative (plain)": "くらくない",
    "past (plain)": "くらかった",
    "past negative (plain)": "くらくなかった",
    "copula da (only na)": ""
  },
  {
    "kanji": "黒い",
    "hiragana": "くろい",
    "meaning": "hitam",
    "type": "i",
    "present negative (plain)": "くろくない",
    "past (plain)": "くろかった",
    "past negative (plain)": "くろくなかった",
    "copula da (only na)": ""
  },
  {
    "kanji": "丸い",
    "hiragana": "まるい",
    "meaning": "bulat, melingkar",
    "type": "i",
    "present negative (plain)": "まるくない",
    "past (plain)": "まるかった",
    "past negative (plain)": "まるくなかった",
    "copula da (only na)": ""
  },
  {
    "kanji": "不味い",
    "hiragana": "まずい",
    "meaning": "tidak menyenangkan",
    "type": "i",
    "present negative (plain)": "まずくない",
    "past (plain)": "まずかった",
    "past negative (plain)": "まずくなかった",
    "copula da (only na)": ""
  },
  {
    "kanji": "短い",
    "hiragana": "みじかい",
    "meaning": "pendek",
    "type": "i",
    "present negative (plain)": "みじかくない",
    "past (plain)": "みじかかった",
    "past negative (plain)": "みじかくなかった",
    "copula da (only na)": ""
  },
  {
    "kanji": "難しい",
    "hiragana": "むずかしい",
    "meaning": "sulit",
    "type": "i",
    "present negative (plain)": "むずかしくない",
    "past (plain)": "むずかしかった",
    "past negative (plain)": "むずかしくなかった",
    "copula da (only na)": ""
  },
  {
    "kanji": "長い",
    "hiragana": "ながい",
    "meaning": "jauh (jarak); lama (waktu); panjang",
    "type": "i",
    "present negative (plain)": "ながくない",
    "past (plain)": "ながかった",
    "past negative (plain)": "ながくなかった",
    "copula da (only na)": ""
  },
  {
    "kanji": "温い",
    "hiragana": "ぬるい",
    "meaning": "hangat kuku",
    "type": "i",
    "present negative (plain)": "ぬるくない",
    "past (plain)": "ぬるかった",
    "past negative (plain)": "ぬるくなかった",
    "copula da (only na)": ""
  },
  {
    "kanji": "美味しい",
    "hiragana": "おいしい",
    "meaning": "enak",
    "type": "i",
    "present negative (plain)": "おいしくない",
    "past (plain)": "おいしかった",
    "past negative (plain)": "おいしくなかった",
    "copula da (only na)": ""
  },
  {
    "kanji": "重い",
    "hiragana": "おもい",
    "meaning": "berat",
    "type": "i",
    "present negative (plain)": "おもくない",
    "past (plain)": "おもかった",
    "past negative (plain)": "おもくなかった",
    "copula da (only na)": ""
  },
  {
    "kanji": "面白い",
    "hiragana": "おもしろい",
    "meaning": "menarik",
    "type": "i",
    "present negative (plain)": "おもしろくない",
    "past (plain)": "おもしろかった",
    "past negative (plain)": "おもしろくなかった",
    "copula da (only na)": ""
  },
  {
    "kanji": "多い",
    "hiragana": "おおい",
    "meaning": "banyak; banyak sekali; banyak; jumlah besar; sering",
    "type": "i",
    "present negative (plain)": "おおくない",
    "past (plain)": "おおかった",
    "past negative (plain)": "おおくなかった",
    "copula da (only na)": ""
  },
  {
    "kanji": "大きい",
    "hiragana": "おおきい",
    "meaning": "besar; besar; hebat; penting",
    "type": "i",
    "present negative (plain)": "おおきくない",
    "past (plain)": "おおきかった",
    "past negative (plain)": "おおきくなかった",
    "copula da (only na)": ""
  },
  {
    "kanji": "遅い",
    "hiragana": "おそい",
    "meaning": "lambat; memakan waktu; terlambat",
    "type": "i",
    "present negative (plain)": "おそくない",
    "past (plain)": "おそかった",
    "past negative (plain)": "おそくなかった",
    "copula da (only na)": ""
  },
  {
    "kanji": "寒い",
    "hiragana": "さむい",
    "meaning": "dingin",
    "type": "i",
    "present negative (plain)": "さむくない",
    "past (plain)": "さむかった",
    "past negative (plain)": "さむくなかった",
    "copula da (only na)": ""
  },
  {
    "kanji": "狭い",
    "hiragana": "せまい",
    "meaning": "sempit",
    "type": "i",
    "present negative (plain)": "せまくない",
    "past (plain)": "せまかった",
    "past negative (plain)": "せまくなかった",
    "copula da (only na)": ""
  },
  {
    "kanji": "白い",
    "hiragana": "しろい",
    "meaning": "putih",
    "type": "i",
    "present negative (plain)": "しろくない",
    "past (plain)": "しろかった",
    "past negative (plain)": "しろくなかった",
    "copula da (only na)": ""
  },
  {
    "kanji": "少ない",
    "hiragana": "すくない",
    "meaning": "sedikit; sedikit; langka; tidak mencukupi; jarang",
    "type": "i",
    "present negative (plain)": "すくない",
    "past (plain)": "すくなくない",
    "past negative (plain)": "すくなかった",
    "copula da (only na)": ""
  },
  {
    "kanji": "涼しい",
    "hiragana": "すずしい",
    "meaning": "menyegarkan, sejuk",
    "type": "i",
    "present negative (plain)": "すずしくない",
    "past (plain)": "すずしかった",
    "past negative (plain)": "すずしくなかった",
    "copula da (only na)": ""
  },
  {
    "kanji": "高い",
    "hiragana": "たかい",
    "meaning": "tinggi; tinggi; mahal; di atas rata-rata",
    "type": "i",
    "present negative (plain)": "たかくない",
    "past (plain)": "たかかった",
    "past negative (plain)": "たかくなかった",
    "copula da (only na)": ""
  },
  {
    "kanji": "楽しい",
    "hiragana": "たのしい",
    "meaning": "menyenangkan; asyik",
    "type": "i",
    "present negative (plain)": "たのしくない",
    "past (plain)": "たのしかった",
    "past negative (plain)": "たのしくなかった",
    "copula da (only na)": ""
  },
  {
    "kanji": "遠い",
    "hiragana": "とおい",
    "meaning": "jauh",
    "type": "i",
    "present negative (plain)": "とおくない",
    "past (plain)": "とおかった",
    "past negative (plain)": "とおくなかった",
    "copula da (only na)": ""
  },
  {
    "kanji": "詰まらない",
    "hiragana": "つまらない",
    "meaning": "membosankan",
    "type": "i",
    "present negative (plain)": "つまらなくない",
    "past (plain)": "つまらなかった",
    "past negative (plain)": "つまらなくなかった",
    "copula da (only na)": ""
  },
  {
    "kanji": "冷たい",
    "hiragana": "つめたい",
    "meaning": "dingin saat disentuh",
    "type": "i",
    "present negative (plain)": "つめたくない",
    "past (plain)": "つめたかった",
    "past negative (plain)": "つめたくなかった",
    "copula da (only na)": ""
  },
  {
    "kanji": "強い",
    "hiragana": "つよい",
    "meaning": "kuat",
    "type": "i",
    "present negative (plain)": "つよくない",
    "past (plain)": "つよかった",
    "past negative (plain)": "つよくなかった",
    "copula da (only na)": ""
  },
  {
    "kanji": "煩い",
    "hiragana": "うるさい",
    "meaning": "berisik, mengganggu",
    "type": "i",
    "present negative (plain)": "うるさくない",
    "past (plain)": "うるさかった",
    "past negative (plain)": "うるさくなかった",
    "copula da (only na)": ""
  },
  {
    "kanji": "薄い",
    "hiragana": "うすい",
    "meaning": "tipis; lemah",
    "type": "i",
    "present negative (plain)": "うすくない",
    "past (plain)": "うすかった",
    "past negative (plain)": "うすくなかった",
    "copula da (only na)": ""
  },
  {
    "kanji": "若い",
    "hiragana": "わかい",
    "meaning": "muda",
    "type": "i",
    "present negative (plain)": "わかくない",
    "past (plain)": "わかかった",
    "past negative (plain)": "わかくなかった",
    "copula da (only na)": ""
  },
  {
    "kanji": "悪い",
    "hiragana": "わるい",
    "meaning": "buruk; buruk; tidak diinginkan",
    "type": "i",
    "present negative (plain)": "わるくない",
    "past (plain)": "わるかった",
    "past negative (plain)": "わるくなかった",
    "copula da (only na)": ""
  },
  {
    "kanji": "易しい",
    "hiragana": "やさしい",
    "meaning": "mudah, sederhana",
    "type": "i",
    "present negative (plain)": "やさしくない",
    "past (plain)": "やさしかった",
    "past negative (plain)": "やさしくなかった",
    "copula da (only na)": ""
  },
  {
    "kanji": "安い",
    "hiragana": "やすい",
    "meaning": "murah; tidak mahal",
    "type": "i",
    "present negative (plain)": "やすくない",
    "past (plain)": "やすかった",
    "past negative (plain)": "やすくなかった",
    "copula da (only na)": ""
  },
  {
    "kanji": "良い",
    "hiragana": "よい/いい",
    "meaning": "bagus",
    "type": "i",
    "present negative (plain)": "よくない",
    "past (plain)": "よかった",
    "past negative (plain)": "よくなかった",
    "copula da (only na)": ""
  },
  {
    "kanji": "弱い",
    "hiragana": "よわい",
    "meaning": "lemah",
    "type": "i",
    "present negative (plain)": "よわくない",
    "past (plain)": "よわかった",
    "past negative (plain)": "よわくなかった",
    "copula da (only na)": ""
  },
  {
    "kanji": "便利",
    "hiragana": "べんり",
    "meaning": "nyaman; praktis; berguna",
    "type": "na",
    "present negative (plain)": "べんりじゃない",
    "past (plain)": "べんりだった",
    "past negative (plain)": "べんりじゃなかった",
    "copula da (only na)": "べんりだ"
  },
  {
    "kanji": "大丈夫",
    "hiragana": "だいじょうぶ",
    "meaning": "oke; baiklah; tidak apa-apa",
    "type": "na",
    "present negative (plain)": "だいじょうぶじゃない",
    "past (plain)": "だいじょうぶだった",
    "past negative (plain)": "だいじょうぶじゃなかった",
    "copula da (only na)": "だいじょうぶだ"
  },
  {
    "kanji": "大好き",
    "hiragana": "だいすき",
    "meaning": "cinta; sangat suka",
    "type": "na",
    "present negative (plain)": "だいすきじゃない",
    "past (plain)": "だいすきだった",
    "past negative (plain)": "だいすきじゃなかった",
    "copula da (only na)": "だいすきだ"
  },
  {
    "kanji": "元気",
    "hiragana": "げんき",
    "meaning": "hidup; penuh semangat; energik; sehat",
    "type": "na",
    "present negative (plain)": "げんきじゃない",
    "past (plain)": "げんきだった",
    "past negative (plain)": "げんきじゃなかった",
    "copula da (only na)": "げんきだ"
  },
  {
    "kanji": "下手",
    "hiragana": "へた",
    "meaning": "tidak pandai, tidak terampil;",
    "type": "na",
    "present negative (plain)": "へたじゃない",
    "past (plain)": "へただった",
    "past negative (plain)": "へたじゃなかった",
    "copula da (only na)": "へただ"
  },
  {
    "kanji": "暇",
    "hiragana": "ひま",
    "meaning": "waktu luang",
    "type": "na",
    "present negative (plain)": "ひまじゃない",
    "past (plain)": "ひまだった",
    "past negative (plain)": "ひまじゃなかった",
    "copula da (only na)": "ひまだ"
  },
  {
    "kanji": "本当",
    "hiragana": "ほんとう",
    "meaning": "benar, sungguh, (benarkah?), nyata, asli",
    "type": "na",
    "present negative (plain)": "ほんとうじゃない",
    "past (plain)": "ほんとうだった",
    "past negative (plain)": "ほんとうじゃなかった",
    "copula da (only na)": "ほんとうだ"
  },
  {
    "kanji": "色々",
    "hiragana": "いろいろ",
    "meaning": "beragam",
    "type": "na",
    "present negative (plain)": "いろいろじゃない",
    "past (plain)": "いろいろだった",
    "past negative (plain)": "いろいろじゃなかった",
    "copula da (only na)": "いろいろだ"
  },
  {
    "kanji": "嫌",
    "hiragana": "いや",
    "meaning": "tidak mau, tidak usah, tidak menyenangkan",
    "type": "na",
    "present negative (plain)": "いやじゃない",
    "past (plain)": "いやだった",
    "past negative (plain)": "いやじゃなかった",
    "copula da (only na)": "いやだ"
  },
  {
    "kanji": "丈夫",
    "hiragana": "じょうぶ",
    "meaning": "kuat, tahan lama",
    "type": "na",
    "present negative (plain)": "じょうぶじゃない",
    "past (plain)": "じょうぶだった",
    "past negative (plain)": "じょうぶじゃなかった",
    "copula da (only na)": "じょうぶだ"
  },
  {
    "kanji": "上手",
    "hiragana": "じょうず",
    "meaning": "terampil; mahir; pandai",
    "type": "na",
    "present negative (plain)": "じょうずじゃない",
    "past (plain)": "じょうずだった",
    "past negative (plain)": "じょうずじゃなかった",
    "copula da (only na)": "じょうずだ"
  },
  {
    "kanji": "結構",
    "hiragana": "けっこう",
    "meaning": "cukup, lumayan, baik",
    "type": "na",
    "present negative (plain)": "けっこうじゃない",
    "past (plain)": "けっこうだった",
    "past negative (plain)": "けっこうじゃなかった",
    "copula da (only na)": "けっこうだ"
  },
  {
    "kanji": "真っ直ぐ",
    "hiragana": "まっすぐ",
    "meaning": "lurus, langsung",
    "type": "na",
    "present negative (plain)": "まっすぐじゃない",
    "past (plain)": "まっすぐだった",
    "past negative (plain)": "まっすぐじゃなかった",
    "copula da (only na)": "まっすぐだ"
  },
  {
    "kanji": "賑やか",
    "hiragana": "にぎやか",
    "meaning": "ramai, sibuk",
    "type": "na",
    "present negative (plain)": "にぎやかじゃない",
    "past (plain)": "にぎやかだった",
    "past negative (plain)": "にぎやかじゃなかった",
    "copula da (only na)": "にぎやかだ"
  },
  {
    "kanji": "立派",
    "hiragana": "りっぱ",
    "meaning": "luar biasa, bagus sekali, megah, terhormat. ",
    "type": "na",
    "present negative (plain)": "りっぱじゃない",
    "past (plain)": "りっぱだった",
    "past negative (plain)": "りっぱじゃなかった",
    "copula da (only na)": "りっぱだ"
  },
  {
    "kanji": "静か",
    "hiragana": "しずか",
    "meaning": "tenang, sunyi",
    "type": "na",
    "present negative (plain)": "しずかじゃない",
    "past (plain)": "しずかだった",
    "past negative (plain)": "しずかじゃなかった",
    "copula da (only na)": "しずかだ"
  },
  {
    "kanji": "好き",
    "hiragana": "すき",
    "meaning": "suka",
    "type": "na",
    "present negative (plain)": "すきじゃない",
    "past (plain)": "すきだった",
    "past negative (plain)": "すきじゃなかった",
    "copula da (only na)": "すきだ"
  },
  {
    "kanji": "多分",
    "hiragana": "たぶん",
    "meaning": "tenang, sunyi",
    "type": "na",
    "present negative (plain)": "たぶんじゃない",
    "past (plain)": "たぶんだった",
    "past negative (plain)": "たぶんじゃなかった",
    "copula da (only na)": "たぶんだ"
  },
  {
    "kanji": "大変",
    "hiragana": "たいへん",
    "meaning": "berat, sulit, sukar",
    "type": "na",
    "present negative (plain)": "たいへんじゃない",
    "past (plain)": "たいへんだった",
    "past negative (plain)": "たいへんじゃなかった",
    "copula da (only na)": "たいへんだ"
  },
  {
    "kanji": "大切",
    "hiragana": "たいせつ",
    "meaning": "penting; berharga",
    "type": "na",
    "present negative (plain)": "たいせつじゃない",
    "past (plain)": "たいせつだった",
    "past negative (plain)": "たいせつじゃなかった",
    "copula da (only na)": "たいせつだ"
  },
  {
    "kanji": "沢山",
    "hiragana": "たくさん",
    "meaning": "banyak",
    "type": "na",
    "present negative (plain)": "たくさんじゃない",
    "past (plain)": "たくさんだった",
    "past negative (plain)": "たくさんじゃなかった",
    "copula da (only na)": "たくさんだ"
  },
  {
    "kanji": "綺麗",
    "hiragana": "きれい",
    "meaning": "cantik; indah; elok",
    "type": "i but na",
    "present negative (plain)": "きれいじゃない",
    "past (plain)": "きれいだった",
    "past negative (plain)": "きれいじゃなかった",
    "copula da (only na)": "きれいだ"
  },
  {
    "kanji": "有名",
    "hiragana": "ゆうめい",
    "meaning": "terkenal",
    "type": "i but na",
    "present negative (plain)": "ゆうめいじゃない",
    "past (plain)": "ゆうめいだった",
    "past negative (plain)": "ゆうめいじゃなかった",
    "copula da (only na)": "ゆうめいだ"
  },
  {
    "kanji": "丁寧",
    "hiragana": "ていねい",
    "meaning": "sopan, teliti, atau hati-hati",
    "type": "i but na",
    "present negative (plain)": "ていねいじゃない",
    "past (plain)": "ていねいだった",
    "past negative (plain)": "ていねいじゃなかった",
    "copula da (only na)": "ていねいだ"
  },
  {
    "kanji": "失礼",
    "hiragana": "しつれい",
    "meaning": "permisi, maaf, tidak sopan, kurang ajar",
    "type": "i but na",
    "present negative (plain)": "しつれいじゃない",
    "past (plain)": "しつれいだった",
    "past negative (plain)": "しつれいじゃなかった",
    "copula da (only na)": "しつれいだ"
  },
  {
    "kanji": "嫌い",
    "hiragana": "きらい",
    "meaning": "benci",
    "type": "i but na",
    "present negative (plain)": "きらいじゃない",
    "past (plain)": "きらいだった",
    "past negative (plain)": "きらいじゃなかった",
    "copula da (only na)": "きらいだ"
  },
  {
    "kanji": "得意",
    "hiragana": "とくい",
    "meaning": "pandai, ahli, atau unggul dalam suatu hal",
    "type": "i but na",
    "present negative (plain)": "とくいじゃない",
    "past (plain)": "とくいだった",
    "past negative (plain)": "とくいじゃなかった",
    "copula da (only na)": "とくいだ"
  }
]